{"n_customers":2708,"median_ltv_12m":785.98,"_wandb":{"runtime":13},"mean_ltv_12m":2031.2476378666668,"mean_monetary_avg":408.6992199208578,"_step":1,"rfm_sample":{"artifact_path":"wandb-client-artifact://qe9c0aa8cg570vzzupcl9r5w39am5vwdvqzqsezagzya2fxdev1rh29ssiu9aj0udqybnywtrjz69fe5998ky9fed413k0k24nbbzi19sak6xba76yis5xo66ztgarte/rfm_sample.table.json","_latest_artifact_path":"wandb-client-artifact://94dhknk7xkjzfu561rw0vcd9ywu921ou6hg2o7fsc73b5yitb4wvpp71jgxgq5zpo5oah9htbrhx7ln0bl6e1lax3mm8c71tx8iw5ub2s8cyr9b2evw5blidnfq839tk:latest/rfm_sample.table.json","ncols":30,"_type":"table-file","size":157456,"log_mode":"IMMUTABLE","path":"media/table/rfm_sample_1_7fd1929531ba07eb44b4.table.json","nrows":500,"sha256":"7fd1929531ba07eb44b4d182ef347c7ac697aaa9adcddaaf177b829d0b086878"},"_runtime":13,"_timestamp":1.7767514200226152e+09,"n_cohorts":6,"mean_frequency":1.464549483013294}